<application>
  <component name="FileTypeManager" version="19">
    <ignoreFiles list="*$py.class;*.pyc;*.pyo;*.rbc;*.yarb;*~;.DS_Store;.git;.hg;.mypy_cache;.pytest_cache;.ruff_cache;.svn;CVS;__pycache__;_svn;vssver.scc;vssver2.scc" />
    <extensionMap>
      <mapping pattern="LICENSE" type="PLAIN_TEXT" />
      <mapping pattern="app" type="PLAIN_TEXT" />
      <mapping pattern="README" type="PLAIN_TEXT" />
      <mapping ext="compose" type="PLAIN_TEXT" />
      <mapping pattern="app.py" type="Perl" />
      <mapping ext="plantuml" type="PlantUML file" />
      <mapping pattern="python_play" type="Python" />
      <removed_mapping ext="dockerignore" approved="true" type="DockerIgnore file" />
      <removed_mapping ext="ignore" approved="true" type="IgnoreLang file" />
      <mapping pattern="app.py" type="Perl" />
    </extensionMap>
  </component>
</application>