<application>
  <component name="BlockTerminalOptions">
    <option name="promptStyle" value="SINGLE_LINE" />
  </component>
  <component name="BlockTerminalUsage">
    <option name="blockTerminalDisabledLastTimeMillis" value="1740187246660" />
    <option name="blockTerminalUsedLastTimeMillis" value="1746576437487" />
    <option name="blockTerminalUsedLastVersion" value="251.23774.444" />
    <option name="feedbackNotificationShown" value="true" />
    <shellToExecutedCommandsNumber>
      <entry key="zsh" value="89" />
    </shellToExecutedCommandsNumber>
  </component>
  <component name="ReworkedTerminalUsage"><![CDATA[{
  "enterKeyPressedTimes": 111
}]]></component>
  <component name="TerminalOptionsProvider">
    <option name="myPasteOnMiddleMouseButton" value="false" />
    <option name="myShellPath" value="/opt/homebrew/bin/zsh" />
    <option name="myTabName" value="local" />
    <option name="terminalEngine" value="REWORKED" />
  </component>
</application>