<application>
  <component name="Trusted.Paths">
    <option name="TRUSTED_PROJECT_PATHS">
      <map>
        <entry key="$USER_HOME$/dev/github/adventofcode" value="true" />
        <entry key="$USER_HOME$/dev/github/backend-python-player-service" value="true" />
        <entry key="$USER_HOME$/dev/github/backend-python-player-service-private" value="true" />
        <entry key="$USER_HOME$/dev/github/backend-python-player-service-private/player-service-model" value="true" />
        <entry key="$USER_HOME$/dev/github/backend-python-player-service/player-service-model" value="true" />
        <entry key="$USER_HOME$/dev/github/infra-as-code" value="true" />
        <entry key="$USER_HOME$/dev/github/leetcode" value="true" />
        <entry key="$USER_HOME$/dev/github/llm-private" value="true" />
        <entry key="$USER_HOME$/dev/github/markdown-templates" value="true" />
        <entry key="$USER_HOME$/dev/github/metropolis-tech" value="true" />
      </map>
    </option>
  </component>
  <component name="Trusted.Paths.Settings">
    <option name="TRUSTED_PATHS">
      <list>
        <option value="$USER_HOME$/dev/github" />
      </list>
    </option>
  </component>
</application>