<application>
  <component name="DimensionService">
    <location key="find.popup.0.0.3840.2486@192dpi" x="1258" y="360" />
    <location key="find.popup.0.0.2560.1440" x="839" y="186" />
    <location key="find.popup.0.0.2560.1440@120dpi" x="287" y="160" />
    <location key="find.popup.0.0.2560.1440@144dpi" x="287" y="160" />
    <location key="find.popup.0.0.3840.2486@288dpi" x="430" y="314" />
    <size key="GridCell.Tab.0.left.0.0.3840.2486@192dpi" width="2428" height="862" />
    <size key="GridCell.Tab.0.center.0.0.3840.2486@192dpi" width="2428" height="862" />
    <size key="GridCell.Tab.0.right.0.0.3840.2486@192dpi" width="2428" height="862" />
    <size key="GridCell.Tab.0.bottom.0.0.3840.2486@192dpi" width="2428" height="862" />
    <size key="GridCell.Tab.1.left.0.0.3840.2486@192dpi" width="2428" height="862" />
    <size key="GridCell.Tab.1.center.0.0.3840.2486@192dpi" width="2428" height="862" />
    <size key="GridCell.Tab.1.right.0.0.3840.2486@192dpi" width="2428" height="862" />
    <size key="GridCell.Tab.1.bottom.0.0.3840.2486@192dpi" width="2428" height="862" />
    <size key="find.popup.0.0.3840.2486@192dpi" width="1278" height="1436" />
    <size key="GridCell.Tab.0.left.0.0.2560.1440" width="849" height="434" />
    <size key="GridCell.Tab.0.center.0.0.2560.1440" width="849" height="434" />
    <size key="GridCell.Tab.0.right.0.0.2560.1440" width="849" height="434" />
    <size key="GridCell.Tab.0.bottom.0.0.2560.1440" width="849" height="434" />
    <size key="GridCell.Tab.1.left.0.0.2560.1440" width="849" height="434" />
    <size key="GridCell.Tab.1.center.0.0.2560.1440" width="849" height="434" />
    <size key="GridCell.Tab.1.right.0.0.2560.1440" width="849" height="434" />
    <size key="GridCell.Tab.1.bottom.0.0.2560.1440" width="849" height="434" />
    <size key="find.popup.0.0.2560.1440" width="639" height="564" />
    <size key="GridCell.Tab.2.left.0.0.2560.1440" width="1745" height="434" />
    <size key="GridCell.Tab.2.center.0.0.2560.1440" width="1745" height="434" />
    <size key="GridCell.Tab.2.right.0.0.2560.1440" width="1745" height="434" />
    <size key="GridCell.Tab.2.bottom.0.0.2560.1440" width="1745" height="434" />
    <size key="find.popup.0.0.2560.1440@120dpi" width="845" height="1182" />
    <size key="GridCell.Tab.0.left.0.0.2560.1440@120dpi" width="2478" height="484" />
    <size key="GridCell.Tab.0.center.0.0.2560.1440@120dpi" width="2478" height="484" />
    <size key="GridCell.Tab.0.right.0.0.2560.1440@120dpi" width="2478" height="484" />
    <size key="GridCell.Tab.0.bottom.0.0.2560.1440@120dpi" width="2478" height="484" />
    <size key="GridCell.Tab.1.left.0.0.2560.1440@120dpi" width="2478" height="484" />
    <size key="GridCell.Tab.1.center.0.0.2560.1440@120dpi" width="2478" height="484" />
    <size key="GridCell.Tab.1.right.0.0.2560.1440@120dpi" width="2478" height="484" />
    <size key="GridCell.Tab.1.bottom.0.0.2560.1440@120dpi" width="2478" height="484" />
    <size key="GridCell.Tab.0.left.0.0.3840.2486@240dpi" width="3676" height="940" />
    <size key="GridCell.Tab.0.center.0.0.3840.2486@240dpi" width="3676" height="940" />
    <size key="GridCell.Tab.0.right.0.0.3840.2486@240dpi" width="3676" height="940" />
    <size key="GridCell.Tab.0.bottom.0.0.3840.2486@240dpi" width="3676" height="940" />
    <size key="GridCell.Tab.1.left.0.0.3840.2486@240dpi" width="2396" height="852" />
    <size key="GridCell.Tab.1.center.0.0.3840.2486@240dpi" width="2396" height="852" />
    <size key="GridCell.Tab.1.right.0.0.3840.2486@240dpi" width="2396" height="852" />
    <size key="GridCell.Tab.1.bottom.0.0.3840.2486@240dpi" width="2396" height="852" />
    <size key="GridCell.Tab.2.left.0.0.2560.1440@120dpi" width="1734" height="484" />
    <size key="GridCell.Tab.2.center.0.0.2560.1440@120dpi" width="1734" height="484" />
    <size key="GridCell.Tab.2.right.0.0.2560.1440@120dpi" width="1734" height="484" />
    <size key="GridCell.Tab.2.bottom.0.0.2560.1440@120dpi" width="1734" height="484" />
    <size key="GridCell.Tab.0.left.0.0.2560.1440@144dpi" width="860" height="351" />
    <size key="GridCell.Tab.0.center.0.0.2560.1440@144dpi" width="860" height="351" />
    <size key="GridCell.Tab.0.right.0.0.2560.1440@144dpi" width="860" height="351" />
    <size key="GridCell.Tab.0.bottom.0.0.2560.1440@144dpi" width="860" height="351" />
    <size key="GridCell.Tab.1.left.0.0.2560.1440@144dpi" width="860" height="351" />
    <size key="GridCell.Tab.1.center.0.0.2560.1440@144dpi" width="860" height="351" />
    <size key="GridCell.Tab.1.right.0.0.2560.1440@144dpi" width="860" height="351" />
    <size key="GridCell.Tab.1.bottom.0.0.2560.1440@144dpi" width="860" height="351" />
    <size key="GridCell.Tab.2.left.0.0.2560.1440@144dpi" width="1721" height="377" />
    <size key="GridCell.Tab.2.center.0.0.2560.1440@144dpi" width="1721" height="377" />
    <size key="GridCell.Tab.2.right.0.0.2560.1440@144dpi" width="1721" height="377" />
    <size key="GridCell.Tab.2.bottom.0.0.2560.1440@144dpi" width="1721" height="377" />
    <size key="GridCell.Tab.4.left.0.0.2560.1440@144dpi" width="1721" height="377" />
    <size key="GridCell.Tab.4.center.0.0.2560.1440@144dpi" width="1721" height="377" />
    <size key="GridCell.Tab.4.right.0.0.2560.1440@144dpi" width="1721" height="377" />
    <size key="GridCell.Tab.4.bottom.0.0.2560.1440@144dpi" width="1721" height="377" />
    <size key="find.popup.0.0.2560.1440@144dpi" width="887" height="810" />
    <size key="GridCell.Tab.0.left.0.0.3840.2486@288dpi" width="1720" height="702" />
    <size key="GridCell.Tab.0.center.0.0.3840.2486@288dpi" width="1720" height="702" />
    <size key="GridCell.Tab.0.right.0.0.3840.2486@288dpi" width="1720" height="702" />
    <size key="GridCell.Tab.0.bottom.0.0.3840.2486@288dpi" width="1720" height="702" />
    <size key="GridCell.Tab.1.left.0.0.3840.2486@288dpi" width="1720" height="702" />
    <size key="GridCell.Tab.1.center.0.0.3840.2486@288dpi" width="1720" height="702" />
    <size key="GridCell.Tab.1.right.0.0.3840.2486@288dpi" width="1720" height="702" />
    <size key="GridCell.Tab.1.bottom.0.0.3840.2486@288dpi" width="1720" height="702" />
    <size key="find.popup.0.0.3840.2486@288dpi" width="1774" height="1620" />
    <size key="GridCell.Tab.0.left.0.0.1920.1080@144dpi" width="860" height="396" />
    <size key="GridCell.Tab.0.center.0.0.1920.1080@144dpi" width="860" height="396" />
    <size key="GridCell.Tab.0.right.0.0.1920.1080@144dpi" width="860" height="396" />
    <size key="GridCell.Tab.0.bottom.0.0.1920.1080@144dpi" width="860" height="396" />
    <size key="GridCell.Tab.1.left.0.0.1920.1080@144dpi" width="860" height="396" />
    <size key="GridCell.Tab.1.center.0.0.1920.1080@144dpi" width="860" height="396" />
    <size key="GridCell.Tab.1.right.0.0.1920.1080@144dpi" width="860" height="396" />
    <size key="GridCell.Tab.1.bottom.0.0.1920.1080@144dpi" width="860" height="396" />
  </component>
  <component name="WindowManager">
    <frame x="640" y="43" width="1280" height="1200" />
  </component>
  <component name="WindowStateApplicationService">
    <state width="584" height="211" key="ShowUsagesActions.dimensionServiceKey.ideScale=120" timestamp="1746646164912">
      <screen x="0" y="25" width="2560" height="1415" />
    </state>
    <state width="584" height="211" key="ShowUsagesActions.dimensionServiceKey.ideScale=120/0.25.2560.1415" timestamp="1746646164912" />
    <state x="1280" y="676" width="1500" height="1080" key="WELCOME_SCREEN.ideScale=120" timestamp="1750446428196">
      <screen x="0" y="25" width="2560" height="1415" />
    </state>
    <state x="1280" y="676" width="1500" height="1080" key="WELCOME_SCREEN.ideScale=120/0.25.2560.1415" timestamp="1750446428196" />
    <state x="960" y="643" width="1500" height="1200" key="WELCOME_SCREEN.ideScale=120/0.43.1920.1200" timestamp="1748828885701" />
  </component>
</application>